﻿<?xml version="1.0" encoding="utf-8" standalone="yes"?>
<!DOCTYPE ROOT PUBLIC "" ""[]>
<NPose RootName="Hip" RootPosition="-0.9482481, 1.043871, -0.2878249">
  <Rotations>
    <Item Key="Neck" Value="0, 0, 0, 1" />
    <Item Key="EffectorLFinger0" Value="0, 0, 0, 1" />
    <Item Key="EffectorRFinger0" Value="0, 0, 0, 1" />
    <Item Key="LFinger31" Value="0, 0, 0, 1" />
    <Item Key="LFinger32" Value="0, 0, 0, 1" />
    <Item Key="RFinger32" Value="0, 0, 0, 1" />
    <Item Key="RFinger31" Value="0, 0, 0, 1" />
    <Item Key="LForearm" Value="0.08797316, 0.05274625, 0.09988207, 0.989698" />
    <Item Key="RForearm" Value="-0.06957463, 0.06445927, 0.07892598, 0.9923583" />
    <Item Key="LFinger2" Value="0, 0, 0, 1" />
    <Item Key="RFinger2" Value="0, 0, 0, 1" />
    <Item Key="Chest" Value="-0.1968196, 0.159514, -0.0258466, 0.9670312" />
    <Item Key="LFinger11" Value="0, 0, 0, 1" />
    <Item Key="LFinger12" Value="0, 0, 0, 1" />
    <Item Key="RFinger12" Value="0, 0, 0, 1" />
    <Item Key="RFinger11" Value="0, 0, 0, 1" />
    <Item Key="LToe" Value="0, 0, 0, 1" />
    <Item Key="RToe" Value="0, 0, 0, 1" />
    <Item Key="EffectorLFinger3" Value="0, 0, 0, 1" />
    <Item Key="EffectorRFinger3" Value="0, 0, 0, 1" />
    <Item Key="LFinger0" Value="0, 0, 0, 1" />
    <Item Key="RFinger0" Value="0, 0, 0, 1" />
    <Item Key="LShin" Value="0.8714315, -0.03976605, 0.04239509, 0.4870611" />
    <Item Key="RShin" Value="0.9136875, 0.01255961, 0.009564368, 0.4061107" />
    <Item Key="LFinger41" Value="0, 0, 0, 1" />
    <Item Key="LFinger42" Value="0, 0, 0, 1" />
    <Item Key="EffectorHead" Value="0, 0, 0, 1" />
    <Item Key="RFinger42" Value="0, 0, 0, 1" />
    <Item Key="RFinger41" Value="0, 0, 0, 1" />
    <Item Key="Head" Value="0, 0, 0, 1" />
    <Item Key="LShoulder" Value="0.2898381, -0.1016632, 0.7078769, 0.6360572" />
    <Item Key="LFoot" Value="0, 0, 0, 1" />
    <Item Key="RFoot" Value="0, 0, 0, 1" />
    <Item Key="RShoulder" Value="0.2297433, -0.009322717, -0.5615635, 0.7948443" />
    <Item Key="LFinger3" Value="0, 0, 0, 1" />
    <Item Key="RFinger3" Value="0, 0, 0, 1" />
    <Item Key="LHand" Value="0, 0, 0, 1" />
    <Item Key="RHand" Value="0, 0, 0, 1" />
    <Item Key="EffectorLFinger4" Value="0, 0, 0, 1" />
    <Item Key="EffectorRFinger4" Value="0, 0, 0, 1" />
    <Item Key="Hip" Value="0.924034, 0.08303626, -0.3604118, -0.0967952" />
    <Item Key="LowerSpine" Value="0, 0, 0, 1" />
    <Item Key="EffectorLFinger1" Value="0, 0, 0, 1" />
    <Item Key="EffectorRFinger1" Value="0, 0, 0, 1" />
    <Item Key="MiddleSpine" Value="-0.05964417, 0.04833909, -0.00783255, 0.9970178" />
    <Item Key="LFinger21" Value="0, 0, 0, 1" />
    <Item Key="LFinger22" Value="0, 0, 0, 1" />
    <Item Key="RFinger22" Value="0, 0, 0, 1" />
    <Item Key="RFinger21" Value="0, 0, 0, 1" />
    <Item Key="EffectorLFinger2" Value="0, 0, 0, 1" />
    <Item Key="EffectorRFinger2" Value="0, 0, 0, 1" />
    <Item Key="LFinger1" Value="0, 0, 0, 1" />
    <Item Key="RFinger1" Value="0, 0, 0, 1" />
    <Item Key="LThigh" Value="0.2081384, -0.05081365, 0.1473403, 0.965602" />
    <Item Key="RThigh" Value="-0.2048476, -0.01395453, 0.1062101, 0.9729142" />
    <Item Key="LFinger4" Value="0, 0, 0, 1" />
    <Item Key="RFinger4" Value="0, 0, 0, 1" />
    <Item Key="EffectorLToe" Value="0, 0, 0, 1" />
    <Item Key="EffectorRToe" Value="0, 0, 0, 1" />
    <Item Key="LClavicle" Value="0, 0, 0.09357181, 0.9956125" />
    <Item Key="RClavicle" Value="0, 0, -0.1259691, 0.9920341" />
    <Item Key="LFinger01" Value="0, 0, 0, 1" />
    <Item Key="LFinger02" Value="0, 0, 0, 1" />
    <Item Key="RFinger02" Value="0, 0, 0, 1" />
    <Item Key="RFinger01" Value="0, 0, 0, 1" />
  </Rotations>
</NPose>